dataset_name,downloads,likes,tags,success
RoboCOIN/AgiBot-g1_box_storage_cardboard_box_a,27,0,[],True
RoboCOIN/AgiBot-g1_right_capture_part,26,0,[],True
RoboCOIN/alpha_bot_2_press_the_button_a,22,0,[],True
RoboCOIN/Cobot_Magic_fold_clothes,20,0,[],True
RoboCOIN/Cobot_Magic_classification_of_tableware,19,0,[],True
RoboCOIN/R1_Lite_move_the_position_of_the_pen,19,0,[],True
RoboCOIN/AgiBot-g1_picks_up_battery_b,19,0,[],True
RoboCOIN/Cobot_Magic_clean_blackboard,18,0,[],True
RoboCOIN/R1_Lite_move_the_position_of_the_orange,18,0,[],True
RoboCOIN/leju_robot_hotel_services_c,18,0,[],True
RoboCOIN/Cobot_Magic_water_bottle_storage,17,0,[],True
RoboCOIN/RMC-AIDA-L_pour_coffee_beans,17,0,[],True
RoboCOIN/Cobot_Magic_pushing_magnet,17,0,[],True
RoboCOIN/AIRBOT_MMK2_place_the_shark_toys_and_gold_bars,16,0,[],True
RoboCOIN/AIRBOT_MMK2_place_the_blue_and_purple_blocks,16,0,[],True
RoboCOIN/R1_Lite_move_the_position_of_the_milk,16,0,[],True
RoboCOIN/RMC-AIDA-L_basket_storage_orange,16,0,[],True
RoboCOIN/AIRBOT_MMK2_storage_item,15,0,[],True
RoboCOIN/AIRBOT_MMK2_pumpkin_storage,15,0,[],True
RoboCOIN/AIRBOT_MMK2_mobile_phone_storage,15,0,[],True
RoboCOIN/R1_Lite_move_the_position_of_the_glass,15,0,[],True
RoboCOIN/R1_Lite_move_the_position_of_the_duck,15,0,[],True
RoboCOIN/R1_Lite_move_the_position_of_the_long_bread,15,0,[],True
RoboCOIN/RMC-AIDA-L_place_the_fruits_repeatedly,15,0,[],True
RoboCOIN/R1_Lite_move_the_position_of_the_rubiks_cube,15,0,[],True
RoboCOIN/Cobot_Magic_twist_bottle_cap,14,0,[],True
RoboCOIN/AIRBOT_MMK2_lemon_and_orange_storage,14,0,[],True
RoboCOIN/AIRBOT_MMK2_close_the_computer,14,0,[],True
RoboCOIN/AgiBot-g1_box_storage_cardboard_box_c,14,0,[],True
RoboCOIN/R1_Lite_hang_clothes,14,0,[],True
RoboCOIN/AgiBot-g1_box_storage_c,14,0,[],True
RoboCOIN/AgiBot-g1_left_capture_part,14,0,[],True
RoboCOIN/R1_Lite_build_blocks,14,0,[],True
RoboCOIN/leju_robot_moving_parts_n,13,0,[],True
RoboCOIN/Split_aloha_basket_storage_orange,13,0,[],True
RoboCOIN/RMC-AIDA-L_pour_tea,13,0,[],True
RoboCOIN/Cobot_Magic_move_the_cup,13,0,[],True
RoboCOIN/R1_Lite_tidy_up_toiletries,13,0,[],True
RoboCOIN/R1_Lite_tableware_arrangement,13,0,[],True
RoboCOIN/R1_Lite_washing_board,13,0,[],True
RoboCOIN/R1_Lite_storage_of_toiletries,13,0,[],True
RoboCOIN/R1_Lite_wash_the_tableware,13,0,[],True
RoboCOIN/Cobot_Magic_move_the_ball_interference,13,0,[],True
RoboCOIN/Cobot_Magic_move_beverage,13,0,[],True
RoboCOIN/Cobot_Magic_place_square_pyramid,13,0,[],True
RoboCOIN/Cobot_Magic_move_the_ball,13,0,[],True
RoboCOIN/Split_aloha_wipe_table,13,0,[],True
RoboCOIN/R1_Lite_move_the_position_of_the_brush,13,0,[],True
RoboCOIN/AgiBot-g1_picks_up_battery_a,13,0,[],True
RoboCOIN/RMC-AIDA-L_food_storage,13,0,[],True
RoboCOIN/R1_Lite_peach_storage,13,0,[],True
RoboCOIN/R1_Lite_stack_baskets,13,0,[],True
RoboCOIN/R1_Lite_move_the_position_of_the_black_marker,13,0,[],True
RoboCOIN/R1_Lite_move_the_position_of_the_peeler,13,0,[],True
RoboCOIN/R1_Lite_move_the_position_of_the_spoon,13,0,[],True
RoboCOIN/RMC-AIDA-L_stack_baskets,12,0,[],True
RoboCOIN/AIRBOT_MMK2_storage_for_building_blocks_and_beauty_sponges,12,0,[],True
RoboCOIN/RMC-AIDA-L_basket_storage_banana,12,0,[],True
RoboCOIN/RMC-AIDA-L_fold_shorts,12,0,[],True
RoboCOIN/AIRBOT_MMK2_bowl_storage_pepper,12,0,[],True
RoboCOIN/AgiBot-g1_storage_item_b,12,0,[],True
RoboCOIN/RMC-AIDA-L_fruit_storage,12,0,[],True
RoboCOIN/Cobot_Magic_cube_reset,12,0,[],True
RoboCOIN/AgiBot-g1_battery_storage_b,12,0,[],True
RoboCOIN/Cobot_Magic_turn_on_the_desk_lamp,12,0,[],True
RoboCOIN/RMC-AIDA-L_fold_towel,12,0,[],True
RoboCOIN/RMC-AIDA-L_glasses_storage,12,0,[],True
RoboCOIN/RMC-AIDA-L_food_packaging,12,0,[],True
RoboCOIN/AIRBOT_MMK2_place_the_yellow_block,12,0,[],True
RoboCOIN/RMC-AIDA-L_get_water,12,0,[],True
RoboCOIN/RMC-AIDA-L_stir_coffee,12,0,[],True
RoboCOIN/AIRBOT_MMK2_square_arrangement,11,0,[],True
RoboCOIN/AIRBOT_MMK2_desktop_storage,11,0,[],True
RoboCOIN/AIRBOT_MMK2_store_pomegranates_and_mangoes,11,0,[],True
RoboCOIN/AIRBOT_MMK2_cake_storage,11,0,[],True
RoboCOIN/leju_robot_box_storage_parcel_d,11,0,[],True
RoboCOIN/R1_Lite_make_tea,11,0,[],True
RoboCOIN/Split_aloha_basket_storage_banana,11,0,[],True
RoboCOIN/leju_robot_box_storage_parcel_h,11,0,[],True
RoboCOIN/AIRBOT_MMK2_screw_the_bottle_cap,11,0,[],True
RoboCOIN/Cobot_Magic_move_the_bread,11,0,[],True
RoboCOIN/Cobot_Magic_pull_zipper,11,0,[],True
RoboCOIN/Cobot_Magic_mobile_cube,11,0,[],True
RoboCOIN/Cobot_Magic_pour_drink,11,0,[],True
RoboCOIN/leju_robot_moving_parts_c,11,0,[],True
RoboCOIN/R1_Lite_move_the_position_of_the_apple,11,0,[],True
RoboCOIN/R1_Lite_move_the_position_of_the_cookie,11,0,[],True
RoboCOIN/AgiBot-g1_mobile_accessory_storage_box_e,11,0,[],True
RoboCOIN/leju_robot_moving_parts_k,11,0,[],True
RoboCOIN/R1_Lite_move_the_position_of_the_triangle_bread,11,0,[],True
RoboCOIN/AgiBot-g1_box_storage_b,11,0,[],True
RoboCOIN/AgiBot-g1_box_storage_cardboard_box_b,11,0,[],True
RoboCOIN/AIRBOT_MMK2_take_down_paper_cup,11,0,[],True
RoboCOIN/AIRBOT_MMK2_storage_box_for_mouse_and_sponge,11,0,[],True
RoboCOIN/AIRBOT_MMK2_pull_the_syringe_piston,11,0,[],True
RoboCOIN/AIRBOT_MMK2_organize_and_place_books,11,0,[],True
RoboCOIN/Cobot_Magic_mobile_cube_blackboard,10,0,[],True
RoboCOIN/AIRBOT_MMK2_egg_storage,10,0,[],True
RoboCOIN/Split_aloha_stir_coffee,10,0,[],True
RoboCOIN/leju_robot_moving_parts_u,10,0,[],True
RoboCOIN/R1_Lite_dispose_of_leftover_food,10,0,[],True
RoboCOIN/leju_robot_pass_the_cleaner_c,10,0,[],True
RoboCOIN/R1_Lite_make_breakfast,10,0,[],True
RoboCOIN/AgiBot-g1_picks_up_cardboard_box,10,0,[],True
RoboCOIN/R1_Lite_tea_service_table_setting,10,0,[],True
RoboCOIN/R1_Lite_switch_labels,10,0,[],True
RoboCOIN/R1_Lite_take_or_store_plates,10,0,[],True
RoboCOIN/R1_Lite_take_and_place_the_portable_power_bank,10,0,[],True
RoboCOIN/Cobot_Magic_turn_on_the_bulb,10,0,[],True
RoboCOIN/R1_Lite_place_the_dress_shirt_on_the_hanger,10,0,[],True
RoboCOIN/R1_Lite_clean_toilet,10,0,[],True
RoboCOIN/Cobot_Magic_steamer_storage_dumpling,10,0,[],True
RoboCOIN/Split_aloha_wipe_the_table,10,0,[],True
RoboCOIN/RMC-AIDA-L_desktop_organization,10,0,[],True
RoboCOIN/Split_aloha_scoop_coffee_beans,10,0,[],True
RoboCOIN/alpha_bot_2_carry_the_clothes_basket,10,0,[],True
RoboCOIN/leju_robot_box_storage_parcel_g,10,0,[],True
RoboCOIN/leju_robot_hotel_services_e,10,0,[],True
RoboCOIN/Cobot_Magic_pour_water_bottle,10,0,[],True
RoboCOIN/leju_robot_box_storage_parcel_c,10,0,[],True
RoboCOIN/Cobot_Magic_fold_the_towel,10,0,[],True
RoboCOIN/Cobot_Magic_catch_the_ball,10,0,[],True
RoboCOIN/Cobot_Magic_take_the_shoes_off_the_shelf,10,0,[],True
RoboCOIN/R1_Lite_open_the_food_pan,10,0,[],True
RoboCOIN/Cobot_Magic_move_the_plate,10,0,[],True
RoboCOIN/Cobot_Magic_the_box_stores_table_tennis_balls,10,0,[],True
RoboCOIN/Cobot_Magic_move_plate,10,0,[],True
RoboCOIN/Cobot_Magic_prepare_breakfast,10,0,[],True
RoboCOIN/Cobot_Magic_storage_plate,10,0,[],True
RoboCOIN/R1_Lite_put_the_pillow_on_the_bed,10,0,[],True
RoboCOIN/AgiBot-g1_remove_the_accessory,9,0,[],True
RoboCOIN/AgiBot-g1_storage_item_d,9,0,[],True
RoboCOIN/Cobot_Magic_plate_storage_bread,9,0,[],True
RoboCOIN/Cobot_Magic_plate_storage_apple,9,0,[],True
RoboCOIN/Cobot_Magic_close_button,9,0,[],True
RoboCOIN/alpha_bot_2_operate_the_microwave_oven,9,0,[],True
RoboCOIN/G1edu-u3_pick_up_the_toy_ai,9,0,[],True
RoboCOIN/AgiBot-g1_mobile_accessory_storage_box_a,9,0,[],True
RoboCOIN/AgiBot-g1_picks_up_parts_a,9,0,[],True
RoboCOIN/AgiBot-g1_pick_up_battery,9,0,[],True
RoboCOIN/AIRBOT_MMK2_diamond_storage,9,0,[],True
RoboCOIN/alpha_bot_2_recover_after_touching_an_obstacle,9,0,[],True
RoboCOIN/alpha_bot_2_pass_the_sandbag,9,0,[],True
RoboCOIN/AIRBOT_MMK2_place_the_small_bowl_of_canned_food,8,0,[],True
RoboCOIN/AIRBOT_MMK2_organize_books,8,0,[],True
RoboCOIN/AIRBOT_MMK2_cup_storage,8,0,[],True
RoboCOIN/RMC-AIDA-L_plate_storage,8,0,[],True
RoboCOIN/AIRBOT_MMK2_place_the_paper_drawer,8,0,[],True
RoboCOIN/Tianqin_A2_box_storage_part,8,0,[],True
RoboCOIN/AIRBOT_MMK2_store_coffee_cups,8,0,[],True
RoboCOIN/AIRBOT_MMK2_play_the_guitar,8,0,[],True
RoboCOIN/R1_Lite_open_and_close_curtains,8,0,[],True
RoboCOIN/R1_Lite_fold_clothes,8,0,[],True
RoboCOIN/AgiBot-g1_storage_item_e,8,0,[],True
RoboCOIN/Cobot_Magic_put_the_building_block_on_the_table,8,0,[],True
RoboCOIN/R1_Lite_put_on_a_garbage_bag,8,0,[],True
RoboCOIN/AIRBOT_MMK2_potato_storage,8,0,[],True
RoboCOIN/AIRBOT_MMK2_stacking_blocks,8,0,[],True
RoboCOIN/AIRBOT_MMK2_pour_out_the_beauty_blender,8,0,[],True
RoboCOIN/AIRBOT_MMK2_push_building_blocks,8,0,[],True
RoboCOIN/Split_aloha_basket_storage_peach,8,0,[],True
RoboCOIN/AIRBOT_MMK2_storage_rubiks_cube_and_cup,8,0,[],True
RoboCOIN/AIRBOT_MMK2_store_wet_wipes_and_bowls,8,0,[],True
RoboCOIN/leju_robot_moving_parts_a,7,0,[],True
RoboCOIN/leju_robot_hotel_services_ad,7,0,[],True
RoboCOIN/leju_robot_hotel_services_a,7,0,[],True
RoboCOIN/leju_robot_hotel_services_d,7,0,[],True
RoboCOIN/leju_robot_hotel_services_b,7,0,[],True
RoboCOIN/leju_robot_hotel_services_f,7,0,[],True
RoboCOIN/leju_robot_box_storage_parcel_a,7,0,[],True
RoboCOIN/leju_robot_box_storage_parcel_b,7,0,[],True
RoboCOIN/Cobot_Magic_take_out_the_bread,7,0,[],True
RoboCOIN/Split_aloha_pour_rice,7,0,[],True
RoboCOIN/AgiBot-g1_box_storage_e,7,0,[],True
RoboCOIN/R1_Lite_plug_the_socket,7,0,[],True
RoboCOIN/AIRBOT_MMK2_medicine_bottle_storage,7,0,[],True
RoboCOIN/Split_aloha_plate_storage,7,0,[],True
RoboCOIN/Split_aloha_basket_storage_egg_yolk_pastry,7,0,[],True
RoboCOIN/AIRBOT_MMK2_clean_the_desktop_a,7,0,[],True
RoboCOIN/R1_Lite_take_and_put_away_garden_stuff_a,7,0,[],True
RoboCOIN/RMC-AIDA-L_build_blocks,7,0,[],True
RoboCOIN/AIRBOT_MMK2_item_storage,7,0,[],True
RoboCOIN/AIRBOT_MMK2_place_the_books,7,0,[],True
RoboCOIN/AIRBOT_MMK2_place_the_building_blocks,7,0,[],True
RoboCOIN/AIRBOT_MMK2_place_the_cake,7,0,[],True
RoboCOIN/alpha_bot_2_stack_building_blocks,7,0,[],True
RoboCOIN/alpha_bot_2_item_reversal,7,0,[],True
RoboCOIN/alpha_bot_2_move_the_table,7,0,[],True
RoboCOIN/Split_aloha_basket_storage_long_bread,7,0,[],True
RoboCOIN/Cobot_Magic_fold_towel_a,7,0,[],True
RoboCOIN/Cobot_Magic_the_plate_holds_the_vegetables,7,0,[],True
RoboCOIN/Cobot_Magic_the_plate_holds_the_fruit,7,0,[],True
RoboCOIN/Split_aloha_basket_storage_bread,7,0,[],True
RoboCOIN/Split_aloha_zip_up_the_document_bag,7,0,[],True
RoboCOIN/Cobot_Magic_close_book,7,0,[],True
RoboCOIN/Cobot_Magic_place_the_test_tube,7,0,[],True
RoboCOIN/R1_Lite_catch_the_water,7,0,[],True
RoboCOIN/R1_Lite_open_and_close_nightstand_drawer,7,0,[],True
RoboCOIN/R1_Lite_opening_and_closing_aalcony_sliding_doors,7,0,[],True
RoboCOIN/R1_Lite_wipe_the_table,7,0,[],True
RoboCOIN/R1_Lite_put_the_shoes_into_the_shoe_box,7,0,[],True
RoboCOIN/Cobot_Magic_put_in_the_pear,7,0,[],True
RoboCOIN/R1_Lite_open_and_close_the_freezer_door,7,0,[],True
RoboCOIN/R1_Lite_take_and_put_away_garden_stuff,7,0,[],True
RoboCOIN/Cobot_Magic_movethe_position_of_the_bluetooth,7,0,[],True
RoboCOIN/Cobot_Magic_move_the_small_ball,7,0,[],True
RoboCOIN/Cobot_Magic_clear_the_desktop,7,0,[],True
RoboCOIN/Cobot_Magic_take_out_a_pen_from_the_pen_holder,7,0,[],True
RoboCOIN/Cobot_Magic_plate_storaje_baozi,7,0,[],True
RoboCOIN/Cobot_Magic_pot_storage_steamer,7,0,[],True
RoboCOIN/R1_Lite_cover_the_pot_lid,7,0,[],True
RoboCOIN/R1_Lite_connect_the_router_cable,7,0,[],True
RoboCOIN/R1_Lite_clean_the_sink,7,0,[],True
RoboCOIN/R1_Lite_take_and_put_the_bowl,7,0,[],True
RoboCOIN/R1_Lite_tableware_cleaning,7,0,[],True
RoboCOIN/R1_Lite_switch_on_and_off_the_central_air_conditioning,7,0,[],True
RoboCOIN/R1_Lite_sliding_chair,7,0,[],True
RoboCOIN/R1_Lite_boil_water_in_a_kettle,7,0,[],True
RoboCOIN/R1_Lite_make_a_landline_call,7,0,[],True
RoboCOIN/R1_Lite_pour_water,7,0,[],True
RoboCOIN/R1_Lite_clean_the_floor,7,0,[],True
RoboCOIN/R1_Lite_open_and_close_nightstand_door,7,0,[],True
RoboCOIN/R1_Lite_make_the_bed,7,0,[],True
RoboCOIN/R1_Lite_garbage_disposal,7,0,[],True
RoboCOIN/R1_Lite_take_and_put_away_items,7,0,[],True
RoboCOIN/AgiBot-g1_mobile_accessory_storage_box_c,7,0,[],True
RoboCOIN/AgiBot-g1_tool_storage,7,0,[],True
RoboCOIN/leju_robot_hotel_services_ac,7,0,[],True
RoboCOIN/AIRBOT_MMK2_storage_wet_tissue_and_building_block,6,0,[],True
RoboCOIN/AgiBot-g1_robotic_arm_picks_up_battery,6,0,[],True
RoboCOIN/leju_robot_pass_the_cleaner_a,6,0,[],True
RoboCOIN/leju_robot_pass_the_cleaner_d,6,0,[],True
RoboCOIN/AIRBOT_MMK2_store_beauty_blender_and_building_blocks,6,0,[],True
RoboCOIN/alpha_bot_2_sticker,6,0,[],True
RoboCOIN/AIRBOT_MMK2_mobile_car,6,0,[],True
RoboCOIN/AIRBOT_MMK2_place_the_pliers_and_wallpaper_knife,6,0,[],True
RoboCOIN/AgiBot-g1_box_storage_a,6,0,[],True
RoboCOIN/leju_robot_pass_the_cleaner_b,6,0,[],True
RoboCOIN/leju_robot_pass_the_cleaner_e,6,0,[],True
RoboCOIN/AgiBot-g1_robotic_arm_picks_up_parts,6,0,[],True
RoboCOIN/Tianqin_A2_container_storage_graphics_card,6,0,[],True
RoboCOIN/RMC-AIDA-L_clean_table,6,0,[],True
RoboCOIN/AIRBOT_MMK2_place_the_glasses_case_and_gold_bars,6,0,[],True
RoboCOIN/leju_robot_moving_parts_g,6,0,[],True
RoboCOIN/G1edu-u3_pick_empty_bottle_ab,6,0,[],True
RoboCOIN/AIRBOT_MMK2_toy_storage,5,0,[],True
RoboCOIN/AIRBOT_MMK2_store_peaches_and_pears,5,0,[],True
RoboCOIN/AIRBOT_MMK2_storage_computer_box,5,0,[],True
RoboCOIN/AIRBOT_MMK2_storage_tissue_paper,5,0,[],True
RoboCOIN/leju_robot_moving_parts_f,5,0,[],True
RoboCOIN/RMC-AIDA-L_pour_rice,5,0,[],True
RoboCOIN/AIRBOT_MMK2_storage_spoon,5,0,[],True
RoboCOIN/AIRBOT_MMK2_storage_tissue_and_milk_carton,5,0,[],True
RoboCOIN/AIRBOT_MMK2_place_the_piano_and_the_needle-nose_pliers,5,0,[],True
RoboCOIN/AIRBOT_MMK2_place_the_umbrella_and_the_ruler,5,0,[],True
RoboCOIN/AIRBOT_MMK2_storage_toy_cars_and_cookies,5,0,[],True
RoboCOIN/leju_robot_moving_parts_b,5,0,[],True
RoboCOIN/leju_robot_hotel_services_ab,5,0,[],True
RoboCOIN/AIRBOT_MMK2_place_the_network_cable_and_mouse_box,5,0,[],True
RoboCOIN/AIRBOT_MMK2_storage_remote_control_clip_box_water_bottle,5,0,[],True
RoboCOIN/Cobot_Magic_classification_of_fruits_and_vegetables,5,0,[],True
RoboCOIN/R1_Lite_put_the_tableware_into_the_cupboard,5,0,[],True
RoboCOIN/Cobot_Magic_box_storage_chopsticks,5,0,[],True
RoboCOIN/AIRBOT_MMK2_double-sided_tape_placement,5,0,[],True
RoboCOIN/RMC-AIDA-L_place_test_tube,5,0,[],True
RoboCOIN/AIRBOT_MMK2_mobile_calculator_box,5,0,[],True
RoboCOIN/leju_robot_hotel_services_ag,5,0,[],True
RoboCOIN/AIRBOT_MMK2_take_down_umbrella_and_mineral_water,4,0,[],True
RoboCOIN/leju_robot_box_storage_parcel_j,4,0,[],True
RoboCOIN/leju_robot_hotel_services_i,4,0,[],True
RoboCOIN/leju_robot_hotel_services_af,4,0,[],True
RoboCOIN/leju_robot_moving_parts_q,4,0,[],True
RoboCOIN/AIRBOT_MMK2_take_the_book,4,0,[],True
RoboCOIN/leju_robot_hotel_services_aa,4,0,[],True
RoboCOIN/leju_robot_hotel_services_ae,4,0,[],True
RoboCOIN/G1edu-u3_put_the_water_bottle_aq,4,0,[],True
RoboCOIN/AIRBOT_MMK2_food_storage,4,0,[],True
RoboCOIN/Cobot_Magic_turn_off_the_desk_lamp,4,0,[],True
RoboCOIN/Cobot_Magic_clean_up_the_tableware,4,0,[],True
RoboCOIN/AIRBOT_MMK2_boxs_storage,4,0,[],True
RoboCOIN/G1edu-u3_put_the_toy_ap,4,0,[],True
RoboCOIN/leju_robot_part_placement,3,0,[],True
RoboCOIN/G1edu-u3_pick_crumpled_paper_aa,3,0,[],True
RoboCOIN/G1edu-u3_pick_up_the_bottled_water_as,3,0,[],True
RoboCOIN/G1edu-u3_put_the_lemon_on_the_plate_ah,3,0,[],True
RoboCOIN/G1edu-u3_little_tray_storage_apple_b,3,0,[],True
RoboCOIN/G1edu-u3_pick_leftover_food_ac,3,0,[],True
RoboCOIN/leju_robot_moving_parts_r,3,0,[],True
RoboCOIN/leju_robot_moving_parts_j,2,0,[],True
RoboCOIN/G1edu-u3_tray_storage_lemon_a,2,0,[],True
RoboCOIN/leju_robot_moving_parts_i,2,0,[],True
RoboCOIN/RMC-AIDA-L_basket_storage_long_bread,1,0,[],True
RoboCOIN/G1edu-u3_plate_storage_rabbit_doll,1,0,[],True
RoboCOIN/G1edu-u3_pick_up_the_tissue_box_ao,1,0,[],True
RoboCOIN/G1edu-u3_put_the_water_bottle_on_the_table_d,1,0,[],True
RoboCOIN/AgiBot-g1_mobile_accessory_storage_box_f,1,0,[],True
RoboCOIN/leju_robot_box_storage_parcel,1,0,[],True
RoboCOIN/leju_robot_moving_parts_h,1,0,[],True
RoboCOIN/RMC-AIDA-L_basket_storage_egg_yolk_pastry,1,0,[],True
RoboCOIN/G1edu-u3_pick_up_the_bottled_water_a,1,0,[],True
RoboCOIN/G1edu-u3_pick_up_the_lemon_a,1,0,[],True
RoboCOIN/G1edu-u3_pick_up_the_bottled_water_b,1,0,[],True
RoboCOIN/G1edu-u3_place_plastic_bowl_ag,1,0,[],True
RoboCOIN/RMC-AIDA-L_basket_storage_peach,1,0,[],True
RoboCOIN/RMC-AIDA-L_storage_bin_storage,0,0,[],True
RoboCOIN/AIRBOT_MMK2_push_piston,0,0,[],True
RoboCOIN/RMC-AIDA-L_place_towel,0,0,[],True
RoboCOIN/G1edu-u3_pick_metal_bowl_ab,0,0,[],True
RoboCOIN/G1edu-u3_place_metal_bowl_af,0,0,[],True
RoboCOIN/G1edu-u3_stack_bowls,0,0,[],True
RoboCOIN/RMC-AIDA-L_pull_open_bag,0,0,[],True
RoboCOIN/RMC-AIDA-L_organise_the_document_bag,0,0,[],True
RoboCOIN/G1edu-u3_put_the_cup_b,0,0,[],True
RoboCOIN/G1edu-u3_pick_plastic_bowl_ac,0,0,[],True
RoboCOIN/G1edu-u3_pick_apple_a,0,0,[],True
RoboCOIN/leju_robot_hotel_services_h,0,0,[],True
RoboCOIN/G1edu-u3_basket_storage_apple,0,0,[],True
RoboCOIN/G1edu-u3_plate_storage_doll,0,0,[],True
RoboCOIN/leju_robot_moving_parts_m,0,0,[],True
RoboCOIN/G1edu-u3_pick_up_the_bread_az,0,0,[],True
RoboCOIN/leju_robot_box_storage_parcel_i,0,0,[],True
RoboCOIN/G1edu-u3_pullBowl_storage_bread_a,0,0,[],True
RoboCOIN/G1edu-u3_pullBowl_storage_bread_unordered_a,0,0,[],True
RoboCOIN/G1edu-u3_put_the_tissue_box_al,0,0,[],True
RoboCOIN/G1edu-u3_pick_apple_b,0,0,[],True
RoboCOIN/G1edu-u3_put_the_lemon_af,0,0,[],True
RoboCOIN/G1edu-u3_put_the_bread_aw,0,0,[],True
RoboCOIN/G1edu-u3_pullBowl_storage_bread_unordered_b,0,0,[],True
RoboCOIN/G1edu-u3_pullBowl_storage_bread_unordered_C,0,0,[],True
RoboCOIN/G1edu-u3_pick_up_the_lemon_at,0,0,[],True
RoboCOIN/G1edu-u3_place_bottle_c,0,0,[],True
RoboCOIN/G1edu-u3_basket_storage_apple_b,0,0,[],True
RoboCOIN/G1edu-u3_pick_cup_a,0,0,[],True
RoboCOIN/G1edu-u3_place_apple_c,0,0,[],True
RoboCOIN/G1edu-u3_little_tray_storage_lemon_b,0,0,[],True
RoboCOIN/G1edu-u3_pick_metal_bowl_aa,0,0,[],True
RoboCOIN/G1edu-u3_pick_plastic_bowl_ad,0,0,[],True
RoboCOIN/G1edu-u3_place_metal_bowl_ae,0,0,[],True
RoboCOIN/G1edu-u3_place_plastic_bowl_ah,0,0,[],True
